Metric,Value,Persentase
Accuracy,0.798023314749113,79.80%
Precision,0.7904626694196599,79.05%
Recall,0.798023314749113,79.80%
F1 Score,0.7734063585491615,77.34%
